Position,Residue,Score,Assignment
0,M,0.211,.
1,N,0.256,.
2,P,0.301,.
3,V,0.339,.
4,C,0.360,.
5,L,0.344,.
6,P,0.323,.
7,V,0.314,.
8,I,0.303,.
9,V,0.290,.
10,A,0.284,.
11,P,0.269,.
12,Y,0.256,.
13,L,0.258,.
14,F,0.268,.
15,W,0.278,.
16,L,0.273,.
17,A,0.278,.
18,A,0.283,.
19,I,0.286,.
20,A,0.304,.
21,A,0.346,.
22,S,0.384,.
23,C,0.416,.
24,F,0.449,.
25,T,0.482,.
26,A,0.506,E
27,S,0.504,E
28,V,0.497,.
29,S,0.487,.
30,T,0.453,.
31,V,0.427,.
32,V,0.399,.
33,S,0.378,.
34,A,0.347,.
35,T,0.314,.
36,G,0.299,.
37,L,0.294,.
38,A,0.274,.
39,L,0.265,.
40,S,0.247,.
41,L,0.231,.
42,L,0.218,.
43,L,0.227,.
44,L,0.244,.
45,A,0.279,.
46,A,0.309,.
47,V,0.359,.
48,A,0.395,.
49,N,0.444,.
50,S,0.483,.
51,S,0.516,E
52,A,0.547,E
53,A,0.566,E
54,A,0.575,E
55,Q,0.572,E
56,R,0.573,E
57,K,0.563,E
58,L,0.543,E
59,L,0.540,E
60,T,0.530,E
61,P,0.491,.
62,V,0.453,.
63,T,0.418,.
64,V,0.383,.
65,L,0.343,.
66,T,0.332,.
67,A,0.314,.
68,V,0.286,.
69,V,0.263,.
70,T,0.269,.
71,F,0.272,.
72,F,0.278,.
73,A,0.300,.
74,I,0.320,.
75,C,0.339,.
76,L,0.377,.
77,T,0.424,.
78,W,0.479,.
79,R,0.519,E
80,I,0.556,E
81,E,0.570,E
82,D,0.581,E
83,P,0.587,E
84,P,0.573,E
85,F,0.539,E
86,N,0.504,E
87,S,0.440,.
88,I,0.382,.
89,L,0.338,.
90,F,0.319,.
91,A,0.293,.
92,L,0.268,.
93,L,0.274,.
94,A,0.289,.
95,A,0.290,.
96,A,0.319,.
97,G,0.354,.
98,G,0.368,.
99,L,0.378,.
100,Q,0.380,.
101,G,0.370,.
102,I,0.340,.
103,Y,0.310,.
104,V,0.284,.
105,L,0.253,.
106,V,0.216,.
107,M,0.194,.
108,L,0.175,.
109,V,0.179,.
110,L,0.199,.
111,L,0.224,.
112,I,0.267,.
113,L,0.326,.
114,A,0.378,.
115,Y,0.424,.
116,R,0.472,.
117,R,0.516,E
118,R,0.528,E
119,W,0.539,E
120,R,0.537,E
121,R,0.498,.
122,L,0.459,.
123,T,0.423,.
124,V,0.395,.
125,C,0.365,.
126,G,0.333,.
127,G,0.309,.
128,M,0.272,.
129,M,0.248,.
130,F,0.249,.
131,L,0.239,.
132,A,0.235,.
133,C,0.231,.
134,L,0.224,.
135,V,0.216,.
136,V,0.227,.
137,L,0.252,.
138,I,0.275,.
139,V,0.303,.
140,D,0.338,.
141,A,0.364,.
142,V,0.390,.
143,L,0.418,.
144,Q,0.444,.
145,L,0.442,.
146,S,0.439,.
147,P,0.428,.
148,L,0.407,.
149,L,0.387,.
150,G,0.361,.
151,A,0.325,.
152,V,0.299,.
153,T,0.273,.
154,V,0.262,.
155,V,0.253,.
156,S,0.245,.
157,M,0.234,.
158,T,0.217,.
159,L,0.203,.
160,L,0.208,.
161,L,0.206,.
162,L,0.222,.
163,A,0.251,.
164,F,0.267,.
165,V,0.311,.
166,L,0.359,.
167,W,0.411,.
168,L,0.460,.
169,S,0.500,.
170,S,0.526,E
171,P,0.538,E
172,G,0.543,E
173,G,0.527,E
174,L,0.499,.
175,G,0.473,.
176,T,0.433,.
177,L,0.393,.
178,G,0.360,.
179,A,0.333,.
180,A,0.290,.
181,L,0.254,.
182,L,0.254,.
183,T,0.238,.
184,L,0.228,.
185,A,0.222,.
186,A,0.224,.
187,A,0.210,.
188,L,0.201,.
189,A,0.206,.
190,L,0.214,.
191,L,0.213,.
192,A,0.223,.
193,S,0.223,.
194,L,0.227,.
195,I,0.241,.
196,L,0.274,.
197,G,0.293,.
198,T,0.314,.
199,L,0.327,.
200,N,0.330,.
201,L,0.328,.
202,T,0.319,.
203,T,0.314,.
204,M,0.294,.
205,F,0.267,.
206,L,0.253,.
207,L,0.246,.
208,M,0.231,.
209,L,0.222,.
210,L,0.210,.
211,W,0.216,.
212,T,0.208,.
213,L,0.209,.
214,V,0.202,.
215,V,0.202,.
216,L,0.207,.
217,L,0.227,.
218,I,0.242,.
219,C,0.292,.
220,S,0.330,.
221,S,0.368,.
222,C,0.407,.
223,S,0.453,.
224,S,0.475,.
225,C,0.491,.
226,P,0.498,.
227,L,0.486,.
228,S,0.446,.
229,K,0.408,.
230,V,0.379,.
231,L,0.347,.
232,L,0.313,.
233,A,0.291,.
234,R,0.262,.
235,L,0.223,.
236,F,0.218,.
237,L,0.206,.
238,Y,0.210,.
239,A,0.207,.
240,L,0.196,.
241,A,0.182,.
242,L,0.173,.
243,L,0.179,.
244,L,0.199,.
245,L,0.205,.
246,A,0.235,.
247,S,0.253,.
248,A,0.276,.
249,L,0.307,.
250,T,0.353,.
251,A,0.389,.
252,G,0.397,.
253,G,0.423,.
254,S,0.471,.
255,I,0.493,.
256,L,0.506,E
257,Q,0.537,E
258,T,0.560,E
259,N,0.567,E
260,F,0.589,E
261,K,0.618,E
262,S,0.619,E
263,L,0.616,E
264,S,0.602,E
265,S,0.594,E
266,T,0.567,E
267,E,0.555,E
268,F,0.538,E
269,I,0.500,E
270,P,0.466,.
271,H,0.432,.
272,L,0.378,.
273,F,0.347,.
274,C,0.315,.
275,M,0.279,.
276,L,0.240,.
277,L,0.207,.
278,L,0.198,.
279,I,0.199,.
280,V,0.216,.
281,A,0.232,.
282,G,0.228,.
283,I,0.223,.
284,L,0.238,.
285,F,0.255,.
286,I,0.275,.
287,L,0.298,.
288,A,0.321,.
289,I,0.336,.
290,L,0.371,.
291,T,0.429,.
292,E,0.480,.
293,W,0.520,E
294,G,0.554,E
295,S,0.574,E
296,G,0.575,E
297,N,0.566,E
298,R,0.558,E
299,T,0.533,E
300,Y,0.494,.
301,G,0.457,.
302,P,0.410,.
303,V,0.368,.
304,F,0.341,.
305,M,0.327,.
306,S,0.314,.
307,L,0.301,.
308,G,0.292,.
309,G,0.278,.
310,L,0.263,.
311,L,0.265,.
312,T,0.273,.
313,M,0.272,.
314,V,0.277,.
315,A,0.286,.
316,G,0.281,.
317,A,0.280,.
318,V,0.293,.
319,W,0.307,.
320,L,0.322,.
321,T,0.333,.
322,V,0.350,.
323,M,0.355,.
324,T,0.350,.
325,N,0.357,.
326,T,0.354,.
327,L,0.356,.
328,L,0.345,.
329,S,0.324,.
330,A,0.302,.
331,W,0.279,.
332,I,0.256,.
333,L,0.250,.
334,T,0.251,.
335,A,0.256,.
336,G,0.249,.
337,F,0.252,.
338,L,0.253,.
339,I,0.253,.
340,F,0.260,.
341,L,0.270,.
342,I,0.273,.
343,G,0.276,.
344,F,0.281,.
345,A,0.278,.
346,L,0.293,.
347,F,0.319,.
348,G,0.322,.
349,V,0.319,.
350,I,0.331,.
351,R,0.337,.
352,C,0.329,.
353,C,0.330,.
354,R,0.337,.
355,Y,0.341,.
356,C,0.327,.
357,C,0.339,.
358,Y,0.351,.
359,Y,0.352,.
360,C,0.368,.
361,L,0.390,.
362,T,0.416,.
363,L,0.443,.
364,E,0.468,.
365,S,0.491,.
366,E,0.520,E
367,E,0.547,E
368,R,0.561,E
369,P,0.568,E
370,P,0.585,E
371,T,0.587,E
372,P,0.581,E
373,Y,0.566,E
374,R,0.508,E
375,N,0.441,.
376,T,0.373,.
377,V,0.311,.
