"discotope prediction for None chain A. Columns are in the order of Chain Id,Residue Id,Residue Name,Contact Number,Propensity Score,DiscoTope Score and Prediction."
chain_id,residue_id,residue_name,contact_number,propensity_score,discotope_score
A,1,ALA,19,-3.299,-12.799
A,2,PRO,21,-3.209,-13.709
A,3,PRO,24,-2.974,-14.974
A,4,HIS,16,-3.522,-11.522
A,5,ALA,12,-3.657,-9.657
A,6,LEU,11,-2.318,-7.818
A,7,SER,14,-2.78,-9.78
A,8,GLY,14,-2.056,-9.056
A,9,GLY,14,-0.856,-7.856
A,10,SER,16,0.158,-7.842
A,11,PRO,15,1.156,-6.344
A,12,GLU,18,0.703,-8.297
A,13,PRO,18,1.809,-7.191
A,14,LEU,17,2.602,-5.898
A,15,PRO,15,3.106,-4.394
A,16,GLN,20,0.755,-9.245
A,17,GLY,16,0.441,-7.559
A,18,GLN,13,-0.027,-6.527
A,19,LEU,14,0.33,-6.67
A,20,THR,16,-0.464,-8.464
A,21,GLU,18,-0.897,-9.897
A,22,ALA,23,-0.751,-12.251
A,23,ALA,22,0.415,-10.585
A,24,ALA,12,-0.315,-6.315
A,25,LYS,16,-2.277,-10.277
A,26,GLY,22,-1.054,-12.054
A,27,PRO,26,0.883,-12.117
A,28,GLY,22,1.004,-9.996
A,29,THR,24,3.212,-8.788
A,30,GLY,18,4.556,-4.444
A,31,PRO,14,5.624,-1.376
A,32,GLY,13,5.086,-1.414
A,33,ASN,12,5.134,-0.866
A,34,GLY,14,6.089,-0.911
A,35,LEU,12,4.55,-1.45
A,36,GLY,17,6.118,-2.382
A,37,GLU,16,5.759,-2.241
A,38,LYS,14,5.113,-1.887
A,39,GLY,14,2.38,-4.62
A,40,ASP,21,2.738,-7.762
A,41,THR,25,2.403,-10.097
A,42,SER,24,3.702,-8.298
A,43,GLY,22,2.325,-8.675
A,44,PRO,23,3.074,-8.426
A,45,GLU,21,0.183,-10.317
A,46,GLY,18,0.459,-8.541
A,47,SER,23,4.312,-7.188
A,48,GLY,26,6.393,-6.607
A,49,GLY,25,11.722,-0.778
A,50,SER,23,12.24,0.74
A,51,GLY,22,12.03,1.03
A,52,PRO,19,10.051,0.551
A,53,GLN,24,10.348,-1.652
A,54,ARG,20,10.269,0.269
A,55,ARG,17,10.192,1.692
A,56,GLY,15,9.216,1.716
A,57,GLY,16,8.243,0.243
A,58,ASP,16,7.956,-0.044
A,59,ASN,23,10.607,-0.893
A,60,HIS,19,9.813,0.313
A,61,GLY,20,10.847,0.847
A,62,ARG,13,7.975,1.475
A,63,GLY,12,7.834,1.834
A,64,ARG,11,6.265,0.765
A,65,GLY,12,6.5,0.5
A,66,ARG,16,4.09,-3.91
A,67,GLY,11,3.72,-1.78
A,68,ARG,9,2.443,-2.057
A,69,GLY,11,7.293,1.793
A,70,ARG,16,9.714,1.714
A,71,GLY,16,8.402,0.402
A,72,GLY,15,5.719,-1.781
A,73,GLY,18,0.387,-8.613
A,74,ARG,17,-1.151,-9.651
A,75,PRO,21,-3.276,-13.776
A,76,GLY,18,-0.481,-9.481
A,77,ALA,23,-2.922,-14.422
A,78,PRO,19,-0.92,-10.42
A,79,GLY,12,2.997,-3.003
A,80,GLY,11,3.487,-2.013
A,81,SER,9,1.215,-3.285
A,82,GLY,14,-0.875,-7.875
A,83,SER,10,1.838,-3.162
A,84,GLY,11,1.829,-3.671
A,85,PRO,9,1.983,-2.517
A,86,ARG,7,3.978,0.478
A,87,HIS,10,6.358,1.358
A,88,ARG,18,2.382,-6.618
A,89,ASP,21,2.494,-8.006
A,90,GLY,22,1.094,-9.906
A,91,VAL,23,0.712,-10.788
A,92,ARG,17,3.0,-5.5
A,93,ARG,16,4.254,-3.746
A,94,PRO,17,2.896,-5.604
A,95,GLN,20,2.184,-7.816
A,96,LYS,17,-1.234,-9.734
A,97,ARG,14,-0.904,-7.904
A,98,PRO,8,-0.093,-4.093
A,99,SER,8,-0.093,-4.093
A,100,CYS,10,-1.274,-6.274
A,101,ILE,9,-1.993,-6.493
A,102,GLY,8,-1.978,-5.978
A,103,CYS,12,-0.683,-6.683
A,104,LYS,10,-2.199,-7.199
A,105,GLY,12,-0.25,-6.25
A,106,THR,12,-1.683,-7.683
A,107,HIS,11,-2.174,-7.674
A,108,GLY,13,-3.541,-10.041
A,109,GLY,16,-5.122,-13.122
A,110,THR,17,-5.503,-14.003
A,111,GLY,18,-3.209,-12.209
A,112,ALA,16,-1.915,-9.915
A,113,GLY,18,-2.166,-11.166
A,114,ALA,16,-2.825,-10.825
A,115,GLY,22,-7.667,-18.667
A,116,ALA,26,-8.567,-21.567
A,117,GLY,27,-8.783,-22.283
A,118,GLY,22,-6.651,-17.651
A,119,ALA,18,-8.742,-17.742
A,120,GLY,18,-8.22,-17.22
A,121,ALA,18,-4.629,-13.629
A,122,GLY,20,-5.245,-15.245
A,123,GLY,18,-6.804,-15.804
A,124,ALA,12,-5.146,-11.146
A,125,GLY,9,-4.192,-8.692
A,126,ALA,8,-2.085,-6.085
A,127,GLY,8,-3.621,-7.621
A,128,GLY,12,-4.956,-10.956
A,129,GLY,7,-2.669,-6.169
A,130,ALA,6,-1.307,-4.307
A,131,GLY,10,-3.813,-8.813
A,132,ALA,15,-2.758,-10.258
A,133,GLY,17,-2.049,-10.549
A,134,GLY,17,-0.965,-9.465
A,135,GLY,19,0.304,-9.196
A,136,ALA,16,-0.624,-8.624
A,137,GLY,20,1.023,-8.977
A,138,GLY,18,1.677,-7.323
A,139,ALA,16,1.348,-6.652
A,140,GLY,14,-0.058,-7.058
A,141,GLY,15,-2.449,-9.949
A,142,ALA,17,-2.136,-10.636
A,143,GLY,22,-0.877,-11.877
A,144,GLY,17,-2.049,-10.549
A,145,ALA,16,-2.238,-10.238
A,146,GLY,11,-3.294,-8.794
A,147,ALA,7,-2.859,-6.359
A,148,GLY,13,-5.528,-12.028
A,149,GLY,18,-7.624,-16.624
A,150,GLY,13,-5.528,-12.028
A,151,ALA,9,-3.812,-8.312
A,152,GLY,12,-5.146,-11.146
A,153,ALA,14,-4.898,-11.898
A,154,GLY,10,-4.151,-9.151
A,155,GLY,15,-7.567,-15.067
A,156,GLY,19,-8.916,-18.416
A,157,ALA,24,-10.48,-22.48
A,158,GLY,26,-9.914,-22.914
A,159,GLY,25,-6.801,-19.301
A,160,ALA,21,-7.689,-18.189
A,161,GLY,21,-7.021,-17.521
A,162,GLY,17,-6.491,-14.991
A,163,ALA,22,-7.154,-18.154
A,164,GLY,24,-6.54,-18.54
A,165,ALA,24,-5.353,-17.353
A,166,GLY,19,-5.277,-14.777
A,167,GLY,16,-5.505,-13.505
A,168,GLY,22,-8.136,-19.136
A,169,ALA,15,-7.459,-14.959
A,170,GLY,20,-11.119,-21.119
A,171,ALA,21,-11.31,-21.81
A,172,GLU,23,-11.761,-23.261
A,173,ALA,17,-8.527,-17.027
A,174,ALA,13,-7.448,-13.948
A,175,ALA,10,-6.304,-11.304
A,176,LYS,10,-6.71,-11.71
A,177,ARG,8,-5.542,-9.542
A,178,VAL,12,-8.709,-14.709
A,179,LEU,11,-8.46,-13.96
A,180,SER,14,-8.037,-15.037
A,181,VAL,12,-6.03,-12.03
A,182,VAL,14,-5.162,-12.162
A,183,VAL,14,-3.588,-10.588
A,184,LEU,13,-1.294,-7.794
A,185,LEU,17,-1.609,-10.109
A,186,GLY,16,0.617,-7.383
A,187,PRO,13,0.739,-5.761
A,188,GLY,18,-1.435,-10.435
A,189,PRO,20,-2.301,-12.301
A,190,GLY,21,-0.22,-10.72
A,191,THR,21,-2.924,-13.424
A,192,MET,24,-3.184,-15.184
A,193,PHE,23,-2.354,-13.854
A,194,GLU,21,-2.513,-13.013
A,195,VAL,21,-3.513,-14.013
A,196,SER,21,-3.162,-13.662
A,197,VAL,16,-3.844,-11.844
A,198,ALA,11,-3.461,-8.961
A,199,PHE,10,-3.899,-8.899
A,200,GLY,8,-3.604,-7.604
A,201,PRO,10,-4.894,-9.894
A,202,GLY,9,-3.921,-8.421
A,203,PRO,6,-2.787,-5.787
A,204,GLY,7,-3.427,-6.927
A,205,ALA,9,-4.554,-9.054
A,206,CYS,11,-5.849,-11.349
A,207,MET,14,-5.607,-12.607
A,208,LEU,11,-4.078,-9.578
A,209,SER,15,-2.216,-9.716
A,210,ALA,13,-1.277,-7.777
A,211,PRO,15,-0.453,-7.953
A,212,LEU,14,0.133,-6.867
A,213,GLU,13,0.468,-6.032
A,214,LYS,12,1.151,-4.849
A,215,GLY,18,-0.539,-9.539
A,216,PRO,22,-1.328,-12.328
A,217,GLY,22,-1.413,-12.413
A,218,PRO,17,0.295,-8.205
A,219,GLY,16,0.212,-7.788
A,220,LEU,17,0.434,-8.066
A,221,PRO,14,2.033,-4.967
A,222,GLN,14,2.297,-4.703
A,223,GLY,17,1.085,-7.415
A,224,GLN,20,2.593,-7.407
A,225,LEU,20,2.362,-7.638
A,226,THR,19,-0.46,-9.96
A,227,ALA,20,-1.038,-11.038
A,228,TYR,13,-0.605,-7.105
A,229,GLY,13,-0.163,-6.663
A,230,PRO,10,0.158,-4.842
A,231,GLY,10,0.158,-4.842
A,232,PRO,8,0.273,-3.727
A,233,GLY,10,0.158,-4.842
A,234,PHE,9,0.133,-4.367
A,235,LEU,11,-0.201,-5.701
A,236,ASP,9,-0.297,-4.797
A,237,LYS,12,-0.361,-6.361
A,238,GLY,7,-0.6,-4.1
A,239,THR,6,-1.243,-4.243
A,240,TYR,12,-3.164,-9.164
A,241,THR,16,-3.058,-11.058
A,242,LEU,23,-2.444,-13.944
A,243,GLY,18,-1.585,-10.585
A,244,PRO,14,-0.797,-7.797
A,245,GLY,19,-1.756,-11.256
A,246,PRO,21,-1.244,-11.744
A,247,GLY,18,0.018,-8.982
A,248,ASN,15,0.155,-7.345
A,249,LYS,14,0.212,-6.788
A,250,CYS,18,-1.02,-10.02
A,251,SER,19,-0.518,-10.018
A,252,GLN,17,-0.295,-8.795
A,253,GLY,21,0.299,-10.201
A,254,ALA,18,0.319,-8.681
A,255,VAL,13,-1.19,-7.69
A,256,ALA,8,-1.25,-5.25
A,257,GLY,8,-0.039,-4.039
A,258,GLU,10,2.785,-2.215
A,259,PRO,18,6.207,-2.793
A,260,ARG,14,7.383,0.383
A,261,GLN,15,7.974,0.474
A,262,ILE,17,5.206,-3.294
A,263,PRO,12,5.693,-0.307
A,264,LYS,9,2.88,-1.62
A,265,ILE,16,2.276,-5.724
A,266,GLN,15,1.43,-6.07
A,267,ASN,14,-0.028,-7.028
A,268,PHE,12,-0.814,-6.814
A,269,THR,8,1.434,-2.566
A,270,ARG,8,0.835,-3.165
A,271,THR,8,-0.117,-4.117
A,272,GLN,11,-1.142,-6.642
A,273,LYS,12,-1.841,-7.841
A,274,SER,12,-3.292,-9.292
A,275,CYS,10,-3.6,-8.6
A,276,ILE,10,-3.662,-8.662
A,277,GLU,10,-4.257,-9.257
A,278,ALA,10,-4.186,-9.186
A,279,ALA,10,-4.091,-9.091
A,280,ALA,9,-3.526,-8.026
A,281,LYS,11,-2.49,-7.99
A,282,PRO,10,-2.145,-7.145
A,283,PRO,12,-2.37,-8.37
A,284,MET,14,-2.649,-9.649
A,285,VAL,14,-1.804,-8.804
A,286,GLU,17,-0.183,-8.683
A,287,GLY,16,-0.706,-8.706
A,288,ALA,15,-0.357,-7.857
A,289,ALA,13,-0.877,-7.377
A,290,ALA,18,0.319,-8.681
A,291,GLU,20,1.884,-8.116
A,292,GLY,21,1.666,-8.834
A,293,ASP,17,1.718,-6.782
A,294,ASP,13,1.857,-4.643
A,295,GLY,11,3.016,-2.484
A,296,ASP,9,2.425,-2.075
A,297,GLY,10,2.19,-2.81
A,298,PRO,13,2.885,-3.615
A,299,GLY,19,2.635,-6.865
A,300,PRO,16,0.659,-7.341
A,301,GLY,19,0.359,-9.141
A,302,SER,22,1.635,-9.365
A,303,ASP,15,1.968,-5.532
A,304,ARG,12,2.412,-3.588
A,305,GLU,14,3.186,-3.814
A,306,VAL,9,0.79,-3.71
A,307,ARG,8,0.423,-3.577
A,308,GLY,10,1.342,-3.658
A,309,SER,11,0.928,-4.572
A,310,ALA,14,0.674,-6.326
